人,464
こと,403
私,204
さん,177
時,161
何,144
話,143
それ,142
よう,137
方,126
自分,123
者,121
的,121
これ,117
日,112
年,109
ワクチン,104
俺,101
みたい,100
一,100
前,96
コロナ,90
中,86
今,85
事,82
好き,79
もの,77
接種,77
後,77
ため,75
そう,73
男,71
気,70
とき,68
たち,68
日本,66
目,66
子供,63
みんな,61
時間,59
二,57
先生,57
歳,56
性,56
誰,53
万,53
回,53
仕事,53
オタク,52
分,50
今日,49
娘,48
結婚,48
数,48
くん,46
家,46
月,44
人間,43
以上,43
上,43
会社,43
キャラ,43
男性,42
度,42
ところ,42
声,40
絵,39
店,38
女性,38
関係,38
子,37
バイト,37
本,37
うち,36
世界,36
お前,36
言葉,36
やつ,36
なん,36
ゲーム,35
作品,35
絶対,35
ネタ,35
金,35
円,34
僕,34
顔,33
一番,33
化,33
ゴジラ,33
ここ,33
意味,32
君,32
女,32
先,32
情報,32
相手,31
必要,31
全部,30
昔,30
位,30
感じ,30
問題,30
人生,30
次,30
ダメ,30
普通,30
感染,29
理由,29
医療,29
様,29
お願い,29
力,29
女子,28
時代,28
名前,28
最近,28
手,28
創作,27
親,27
そこ,26
国,26
頭,26
頃,26
電話,26
マジ,26
部屋,26
ちゃん,26
家族,25
あなた,25
派,25
最後,25
全員,24
学,24
可能,24
最高,24
息子,24
友人,24
屋,23
体,23
猫,23
存在,23
ウマ,23
マスク,23
音,23
感,23
大会,23
学生,22
どこ,22
法,22
会,22
漫画,22
大丈夫,22
気持ち,22
バレ,21
経験,21
客,21
朝,21
皆さん,21
達,21
一緒,21
源,21
友達,21
等,21
通り,20
東京,20
あれ,20
大事,20
名,20
大好き,20
注意,20
学校,20
まま,20
オリンピック,20
連絡,20
希望,20
モスラ,20
確認,20
感想,20
勤務,20
外,20
個人,19
過去,19
テレビ,19
大人,19
全て,19
物,19
結果,19
写真,19
研究,19
小説,19
集中,19
為,19
星野,19
夢,19
予約,18
以外,18
用,18
刀,18
理解,18
シーン,18
心,18
いま,18
他,18
拡散,18
監督,18
知識,18
あと,18
記事,18
病院,18
公開,18
内,18
際,17
命,17
作者,17
報告,17
三,17
状態,17
師,17
はず,17
場合,17
発表,17
大変,17
皆,17
大学,17
レベル,17
現場,16
元気,16
アニメ,16
無理,16
方法,16
神,16
子ども,16
愛,16
同人,16
映画,16
高校生,16
件,16
お母さん,16
中学生,16
完全,16
水,16
上司,16
夫,16
肉,16
我々,16
ママ,16
母,16
説明,16
発言,16
瞬間,16
おじさん,16
報道,15
昨日,15
社員,15
協力,15
人類,15
〇,15
システム,15
危険,15
受け,15
発生,15
わたし,15
せい,15
なに,15
毎日,15
担当,15
今回,15
タイプ,15
味,15
めちゃくちゃ,15
奴,15
士,15
以下,15
結局,15
脳,15
お金,14
身,14
表現,14
検査,14
原作,14
中止,14
生活,14
ファン,14
対応,14
不倫,14
車,14
ワイ,14
生,14
内容,14
幸せ,14
ミス,14
夜,14
反応,14
もん,14
フォロー,14
年齢,14
記憶,14
性癖,14
保険,14
口,14
社会,14
行動,14
週間,14
新垣,13
意見,13
同僚,13
呪い,13
発見,13
生物,13
犬,13
ご飯,13
海外,13
看護,13
禁止,13
集団,13
ただ,13
結衣,13
版,13
健康,13
場,13
アカウント,13
所,13
会場,13
間,13
たくさん,13
警察,13
普段,13
現実,13
保存,13
出産,13
ほう,13
職員,13
作,13
旦那,12
割,12
横,12
場所,12
下,12
熱,12
攻め,12
コメント,12
ぼく,12
販売,12
一生,12
ヶ月,12
髪,12
秒,12
代,12
ニュース,12
大切,12
電車,12
周り,12
隣,12
原因,12
衣装,12
男子,12
風,12
トレンド,12
酒,12
データ,12
主人公,12
嫌,12
逆,12
画像,12
病気,12
株,11
障害,11
労働,11
程度,11
環境,11
大量,11
育児,11
死,11
曲,11
誌,11
女子大,11
まとも,11
カード,11
量,11
勉強,11
痛み,11
番,11
紹介,11
十,11
彼,11
レンジ,11
状況,11
若者,11
呪術,11
基本,11
参加,11
安心,11
型,11
家庭,11
料理,11
どれ,11
夏,11
五輪,11
使用,11
重要,11
さっき,11
向け,11
恋人,11
同士,11
ラジオ,11
日本人,11
転売,11
ガン,11
笑,11
枚,11
不足,11
緊急,11
医者,11
多く,11
英語,11
ドラマ,11
間違い,11
歴史,11
アメリカ,10
開発,10
入院,10
患者,10
店員,10
僕ら,10
死亡,10
期,10
案件,10
教育,10
投票,10
その後,10
たび,10
紙,10
購入,10
登場,10
税金,10
薬,10
一つ,10
文章,10
ルール,10
確か,10
質問,10
腕,10
簡単,10
元,10
いつか,10
ライブ,10
血,10
業務,10
いつ,10
彼女,10
怒り,10
犯人,10
術,10
進,10
決定,10
政治,10
怪獣,10
ジャンル,10
予定,10
わけ,10
プレゼント,10
山,10
誕生,10
側,10
今後,10
メンタル,10
己,10
休み,10
ステ,10
意識,10
本当,10
最終,10
最初,10
退職,10
種,10
失礼,10
身体,10
職場,10
準備,10
管理,10
事態,10
カフェ,10
街,10
症,9
手術,9
バカ,9
検索,9
想像,9
主,9
成人,9
部,9
動画,9
政府,9
説,9
ショック,9
マン,9
不可,9
無駄,9
鬼,9
隆々,9
足,9
公式,9
作家,9
界隈,9
機,9
率,9
高校,9
恥,9
謎,9
時期,9
メディア,9
ツイ,9
感謝,9
市,9
摂取,9
スタッフ,9
戦闘,9
感情,9
論,9
一般,9
票,9
プロ,9
馬鹿,9
文字,9
億,9
接続,9
ラーメン,9
海,9
あんた,9
書き,9
当時,9
高齢,9
線,9
母親,9
女の子,9
差,9
余裕,9
自宅,9
お知らせ,9
課金,9
別,9
医師,9
村,9
校長,9
悟,9
おすすめ,9
企業,9
判断,9
姉さん,9
扱い,9
大,9
ネット,9
利用,9
点,9
当たり前,9
応援,9
ひと,9
保育,9
式,9
自衛,9
保護,9
自己,9
パパ,9
異常,9
例,9
機能,9
契約,9
腸,9
授業,9
制限,9
発売,9
崩壊,9
店長,9
登録,9
仕方,9
倍,9
壁,9
本誌,9
人気,9
室,9
設定,9
知り合い,9
小学校,9
恋,8
層,8
業者,8
戦,8
重症,8
適用,8
がち,8
勢,8
真面目,8
選手,8
風邪,8
自由,8
嘘,8
去年,8
体験,8
方々,8
症状,8
義務,8
明日,8
効果,8
精神,8
規模,8
未完,8
完結,8
親戚,8
成功,8
副作用,8
影響,8
下手,8
国民,8
史,8
役,8
父,8
夫婦,8
長谷部,8
配信,8
遊び,8
未来,8
収入,8
禍,8
こっち,8
魂,8
勝手,8
舞台,8
自身,8
呼吸,8
ハラ,8
ウメ,8
セリフ,8
対策,8
どちら,8
マンモス,8
相談,8
記者,8
コピー,8
後悔,8
コス,8
陽性,8
ひとつ,8
世代,8
強要,8
部分,8
王,8
どっち,8
給料,8
形,8
派遣,8
放置,8
年間,8
優先,8
引用,8
死体,8
英,8
胸,8
俳優,8
心配,8
流れ,8
対象,8
星,8
詐欺,8
百,8
分間,8
全国,8
直哉,8
不正,8
逮捕,8
人達,8
床,8
センター,8
草,8
注文,8
コンテンツ,8
エロ,8
書,8
筋骨,8
お客,8
最大,8
専門,8
樹,8
ダム,8
文,7
最強,7
生理,7
狩野,7
天,7
風呂,7
支援,7
焼き,7
全体,7
用意,7
番号,7
経済,7
沖縄,7
主張,7
お伝え,7
ハンター,7
知人,7
耳,7
本日,7
民,7
妹,7
差別,7
みなさん,7
孤独,7
麻酔,7
キレ,7
服,7
責任,7
正直,7
巻,7
自然,7
姉,7
メール,7
弁護士,7
サイト,7
教師,7
迷惑,7
連続,7
大学生,7
トイレ,7
オート,7
パス,7
闇,7
船,7
首,7
本人,7
毎回,7
やり取り,7
フル,7
バトル,7
道,7
家事,7
終了,7
ニキ,7
反対,7
認識,7
放送,7
失敗,7
活,7
相互,7
納得,7
条件,7
やる気,7
こちら,7
居酒屋,7
能力,7
自殺,7
国会,7
彼氏,7
スマ,7
一瞬,7
お話,7
天才,7
競馬,7
神社,7
タイトル,7
火,7
公園,7
投稿,7
貴方,7
真希,7
姿,7
物語,7
奥さん,7
キャラクター,7
インタビュー,7
個,7
変異,7
開催,7
パック,7
大阪,7
スーパー,7
筋肉,7
予告,7
広告,7
地獄,7
ファイザー,7
安全,7
年生,7
感動,7
彼ら,7
面,7
コーヒー,7
予防,7
字,7
限定,7
前提,6
理不尽,6
皆様,6
入り,6
権,6
テーマ,6
員,6
リア,6
展示,6
以前,6
一部,6
動物,6
イギリス,6
綺麗,6
旅行,6
垢,6
埼玉,6
ジャ,6
おっさん,6
会見,6
少女,6
メンバー,6
発症,6
％,6
お客様,6
歌,6
作業,6
回復,6
人格,6
卵,6
観,6
本来,6
無事,6
バンド,6
赤ちゃん,6
安定,6
北,6
喚起,6
目線,6
起動,6
水分,6
父親,6
タン,6
市民,6
だめ,6
覚悟,6
多数,6
丁寧,6
通常,6
従事,6
訃報,6
地,6
病床,6
県警,6
敵,6
キャンセル,6
画面,6
科,6
散々,6
像,6
アラジン,6
空気,6
正規,6
倦怠,6
優秀,6
とこ,6
変,6
ウイルス,6
文句,6
アドバイス,6
独身,6
消費,6
陰,6
大坂,6
裏,6
当たり,6
料金,6
再開,6
尻,6
箱,6
会話,6
びっくり,6
期待,6
同意,6
イメージ,6
菅,6
モンゴル,6
楽しみ,6
刀剣,6
切,6
学園,6
冊,6
製,6
ロボット,6
嫌い,6
土地,6
詳細,6
批判,6
妊娠,6
感覚,6
後ろ,6
痴漢,6
つもり,6
住民,6
リンク,6
スト,6
ホラー,6
描写,6
中国,6
出演,6
仲間,6
真,6
技術,6
掲載,6
野菜,6
冷凍,6
現代,6
プレイヤー,6
登校,6
半分,6
戦争,6
日間,6
血圧,6
棒,6
事故,6
作詞,6
付き合い,6
駅,6
運動会,6
お腹,6
児童,6
アイドル,6
前日,6
弁当,6
廃止,6
三浦,6
がん,6
ドイツ,6
飲食,6
入力,6
千,6
男女,6
半年,6
乳首,6
田舎,6
タイミング,6
被害,6
業,6
商品,6
涙,6
急,6
保育園,6
違反,6
評価,6
魔法,6
嫁,6
ノー,6
笑顔,6
速度,6
無料,6
レジ,6
抽選,6
ごと,6
期間,5
楽,5
公表,5
規格,5
明らか,5
久しぶり,5
着,5
交換,5
音量,5
ホール,5
掃除,5
延長,5
違い,5
アルバム,5
代わり,5
提供,5
孫,5
伝説,5
恋愛,5
ステージ,5
逃げ,5
宗教,5
インフルエンザ,5
パーソナリティ,5
コンビニ,5
運動,5
ほんま,5
太郎,5
食,5
山田,5
発熱,5
傷,5
階級,5
自体,5
経営,5
景子,5
か月,5
宣言,5
神奈川,5
白,5
魚,5
タグ,5
婚,5
貯金,5
飛行,5
窓,5
宇宙,5
あいつ,5
おれ,5
概念,5
世の中,5
夕方,5
オナニー,5
卒業,5
関連,5
気分,5
友,5
バス,5
いくつ,5
動き,5
先輩,5
読者,5
我慢,5
イカ,5
ご存知,5
残念,5
業界,5
申請,5
出勤,5
賃金,5
メイン,5
防衛,5
氏,5
クラス,5
常識,5
馬,5
団,5
小型,5
疲れ,5
スター,5
四,5
立派,5
子宮,5
キッチン,5
立ち,5
権利,5
時点,5
生徒,5
福岡,5
キャスト,5
ワード,5
新聞,5
カバー,5
キス,5
途端,5
情,5
単純,5
是非,5
救急,5
便利,5
今年,5
省,5
固定,5
値段,5
連載,5
末,5
展開,5
油,5
地域,5
速報,5
素敵,5
実装,5
品,5
サービス,5
訳,5
１つ,5
価値,5
どっか,5
現在,5
合格,5
系,5
勢い,5
我,5
正気,5
近く,5
真実,5
毒,5
百均,5
空,5
蜻蛉,5
傑,5
チン,5
すべて,5
昼,5
ばあちゃん,5
意図,5
済み,5
デザイン,5
イラスト,5
南,5
資料,5
罵倒,5
ジュース,5
畑,5
軍,5
婦人,5
温泉,5
助け,5
下心,5
長男,5
ケーキ,5
直接,5
酸素,5
帳,5
目的,5
赤,5
キツ,5
班,5
調査,5
高額,5
なおみ,5
決済,5
復活,5
アレルギー,5
機会,5
試験,5
カレー,5
スピード,5
今度,5
適応,5
台,5
東北,5
課,5
思い,5
類,5
視聴,5
温度,5
違和感,5
英孝,5
役員,5
妄想,5
平等,5
停止,5
正義,5
食事,5
悪,5
意地,5
生命,5
吉田,5
レター,5
ゴミ,5
様子,5
薔薇,5
爆発,5
素人,5
無惨,5
山姥,5
誰か,5
一切,5
人物,5
体育,5
団体,5
未成年,5
構築,5
神話,5
圧倒的,5
最低,5
歩,5
話題,5
アリ,5
マスコミ,5
約束,5
マシュマロ,5
免疫,5
営業,5
たま,5
狼,5
太,5
距離,5
十分,5
即答,5
タイム,5
悲鳴,5
配慮,5
カメラ,5
インド,5
身内,5
成長,5
名作,5
銀,5
根絶,5
スキル,5
信頼,5
マイナス,5
確実,5
特別,5
杯,5
少年,5
不安,5
手段,4
セット,4
ストーリー,4
奴隷,4
令和,4
京都,4
重,4
ページ,4
供給,4
真っ先,4
社,4
ほんと,4
喜び,4
基礎,4
思い出,4
寺,4
装備,4
レビュー,4
要請,4
演奏,4
都,4
午後,4
デカ,4
クロ,4
北海道,4
ロック,4
一斉,4
搬送,4
お茶,4
ブレーキ,4
入信,4
休載,4
受験,4
待機,4
青江,4
花,4
以降,4
都合,4
地元,4
メッセージ,4
よそ,4
地球,4
鍋,4
共産党,4
レーザー,4
費,4
予想,4
了承,4
帰宅,4
旨,4
否,4
新郎,4
いっぱい,4
大体,4
お迎え,4
社畜,4
シナモン,4
恵,4
ミラージュ,4
学部,4
復帰,4
将来,4
格好,4
集,4
膝,4
きっかけ,4
爆破,4
級,4
ちい,4
編,4
不可能,4
体調,4
限界,4
ブラック,4
寿司,4
指,4
ピーターラビット,4
激,4
攻略,4
悪質,4
デマ,4
挨拶,4
アボカド,4
暴力,4
捏造,4
野,4
物質,4
心臓,4
飯,4
新型,4
付箋,4
幻覚,4
可,4
クレーム,4
審,4
メリット,4
計算,4
祭り,4
ギリギリ,4
共有,4
全身,4
辺,4
聖書,4
米,4
おじいちゃん,4
印象,4
妻,4
痛,4
考え方,4
眼鏡,4
サト,4
確定,4
発送,4
年代,4
公益,4
タイ,4
許可,4
学年,4
大抵,4
否定,4
補給,4
ビジネス,4
章,4
仲,4
侍,4
記念,4
移動,4
チェーン,4
心理,4
魅力,4
入試,4
イベント,4
税,4
道路,4
高熱,4
転載,4
構造,4
袋,4
単行本,4
この世,4
蔵,4
号,4
証,4
下痢,4
バイク,4
六,4
鶴丸,4
受付,4
接客,4
チーム,4
申し訳,4
在宅,4
うつ病,4
絶望,4
施設,4
専業,4
主婦,4
今朝,4
まじ,4
男の子,4
内山,4
スペース,4
背中,4
必須,4
本気,4
最悪,4
奥,4
以内,4
鍵,4
支持,4
大光,4
祖母,4
回答,4
舌打ち,4
運営,4
ライフ,4
取材,4
運転,4
位置,4
関東,4
活動,4
ごはん,4
事件,4
券,4
イン,4
オレ,4
パソコン,4
定期,4
流星,4
職業,4
若山,4
首相,4
照,4
大型,4
ダメージ,4
苦労,4
青春,4
頻繁,4
アナログ,4
不思議,4
段階,4
めちゃめちゃ,4
事実,4
アクセス,4
庭師,4
休日,4
コップ,4
さま,4
番組,4
同様,4
事項,4
有名,4
面接,4
弊社,4
裁判,4
限り,4
負担,4
維持,4
訴訟,4
理論,4
ころ,4
ほん,4
不良,4
申告,4
大臣,4
要素,4
柄,4
釣り,4
種類,4
単語,4
光,4
悪事,4
人組,4
席,4
シール,4
初心者,4
剤,4
むかし,4
すぎ,4
昭和,4
車椅子,4
強化,4
低下,4
特定,4
拍手,4
駄目,4
ホーム,4
制御,4
把握,4
すり,4
容赦,4
アパート,4
案内,4
個体,4
民営,4
洗濯,4
社内,4
正社員,4
初期,4
判決,4
日替わり,4
ドン,4
きり,4
シリーズ,4
確保,4
商業,4
入口,4
困難,4
出来事,4
週,4
だれ,4
自覚,4
立場,4
子孫,4
作曲,4
玉,4
実績,4
拡大,4
数学,4
説得,4
獣,4
面倒,4
きみ,4
文化,4
兼,4
需要,4
わり,4
エピソード,4
トラック,4
地震,4
制度,4
雑誌,4
数値,4
アンケート,4
解釈,4
噂,4
札幌,4
小学生,4
得意,4
大幅,4
セキュリティ,4
双子,4
急性,4
ひとり,4
校庭,4
同級生,4
流石,4
葬式,4
不幸,4
治療,4
ベタ,4
生殖,4
院,4
最新,4
出身,4
鶴,4
威圧,4
不明,4
おまえ,4
モン,4
罰,4
現状,4
指示,4
今月,4
蓋,4
追加,4
両親,4
規制,4
仮面,4
自民党,4
ガラス,4
ライン,4
ホント,4
永遠,4
サークル,4
年下,4
素直,4
クラ,4
早退,4
誤解,4
グッズ,4
賛同,4
爆笑,4
開始,4
バグ,4
ニシキヘビ,4
酸,4
中途半端,4
視,4
ユーザー,4
図書館,4
御朱印,4
ピアノ,4
徹底,4
基準,4
弁,4
実在,4
姫,4
非常,4
うた,4
三角,4
テーブル,4
子育て,4
札束,4
お気,4
疫病,4
クラブ,4
その他,4
陽,4
クリア,4
段,4
コード,4
日本語,4
公演,4
次元,4
信用,4
危機,4
賞,4
別室,4
事務,4
歌詞,4
カッコ,4
左,4
リスク,4
打席,4
地方,4
ペット,4
関数,4
兄ちゃん,4
柱,3
途中,3
伏線,3
古典,3
テスト,3
栄養,3
一言,3
サラダ,3
教委,3
手荷物,3
運,3
退院,3
衝撃,3
復刻,3
退社,3
身長,3
捜査,3
本質,3
刺身,3
呼び出し,3
声優,3
通知,3
実名,3
順位,3
ツアー,3
一般人,3
蜜,3
はるか,3
絵描き,3
空間,3
書籍,3
龍,3
製品,3
食い,3
現役,3
クレジット,3
場面,3
クレジットカード,3
医,3
苦手,3
値,3
中国人,3
探検,3
濃厚,3
避妊,3
剣,3
ネーム,3
和也,3
奥付,3
蜂,3
罰金,3
鉄,3
屋根裏,3
完璧,3
コンサート,3
教授,3
窃盗,3
手袋,3
ダル,3
黒,3
論文,3
発信,3
提出,3
線香,3
腰,3
奇跡,3
弱体,3
暇,3
くしゃみ,3
抜群,3
部長,3
小林,3
トリス,3
着物,3
目標,3
トラウマ,3
川澄,3
減少,3
天気,3
尻尾,3
呪文,3
志,3
電子,3
ポケット,3
時半,3
妨害,3
罪,3
演技,3
揃い,3
演出,3
安達,3
野党,3
池袋,3
閉店,3
残業,3
冗談,3
イヌ,3
カラビナ,3
兄さん,3
徳川,3
面会,3
たん,3
発覚,3
職務,3
スーツ,3
会員,3
バナナ,3
妊婦,3
予習,3
晶子,3
大我,3
堤,3
絵師,3
なにわ,3
性行為,3
道徳,3
化物,3
愛想,3
牝馬,3
安田,3
拳,3
奴ら,3
帝王切開,3
群,3
コナン,3
谷,3
モノ,3
再生,3
毎年,3
熱中,3
ヤク,3
パンク,3
手首,3
たんす,3
茶,3
年度,3
語彙,3
義,3
先月,3
問,3
品性,3
失踪,3
息切れ,3
前回,3
歌仙,3
プリント,3
受診,3
合,3
サイズ,3
裕也,3
お菓子,3
竹下,3
分の,3
問い合わせ,3
コール,3
秋,3
手作り,3
吸血鬼,3
トレセン,3
勘違い,3
寿命,3
本能寺,3
羊,3
肩,3
メモリ,3
斉藤,3
処置,3
代表,3
マッチ,3
義母,3
媚薬,3
みな,3
深夜,3
セブン,3
共通,3
寮,3
唯一,3
連中,3
絵本,3
決意,3
トキ,3
講師,3
大作,3
科学,3
水道,3
全開,3
マイ,3
ブーム,3
字幕,3
ボランティア,3
女子高,3
拒否,3
検,3
行為,3
更新,3
塊,3
ぶり,3
弱,3
夏目,3
界,3
ファイト,3
メンテ,3
石原,3
さとみ,3
指定,3
なか,3
あん,3
オープン,3
評判,3
誠実,3
雑,3
長髪,3
フィルター,3
想定,3
視力,3
解剖,3
議員,3
解離,3
大動脈,3
自作,3
撮影,3
プレ,3
巫女,3
新入,3
アクション,3
ホスト,3
特殊,3
西野,3
流行,3
性欲,3
満員,3
オンライン,3
メモ,3
英国,3
小学,3
神様,3
北川,3
払い,3
編集,3
騎士,3
善意,3
容姿,3
グループ,3
タブレット,3
弟,3
白血病,3
招待,3
メーカー,3
骨髄,3
息,3
ファー,3
廃棄,3
雨,3
県,3
愛知,3
犠牲,3
勇気,3
適当,3
四天王,3
仕草,3
チェック,3
付き,3
丸,3
親友,3
加藤,3
文学,3
金額,3
実写,3
そりゃあ,3
戸田,3
嬢,3
五,3
新卒,3
風俗,3
梨香,3
形式,3
芸能人,3
狂犬,3
執着,3
倫理,3
久,3
マツコ,3
指摘,3
実,3
優,3
ナチュラル,3
選択肢,3
部活,3
アン,3
殺人,3
田村,3
根っこ,3
赤ワイン,3
パン,3
出現,3
人工,3
一人称,3
餃子,3
平,3
ウケ,3
音楽,3
制,3
国内,3
市場,3
主演,3
江戸,3
パート,3
後遺症,3
興味,3
重機,3
回収,3
中継,3
幼稚園,3
偏見,3
ハイライト,3
同性,3
お待ち,3
毛,3
計画,3
性格,3
劇場,3
主題歌,3
この間,3
咄嗟,3
蟹,3
トーク,3
会長,3
ラドン,3
司書,3
こども,3
炭,3
板,3
ミルク,3
度目,3
処分,3
ピーク,3
積極,3
制作,3
心境,3
くせ,3
モンスター,3
勝訴,3
ポイント,3
格,3
エンジン,3
堀越,3
常連,3
新一,3
探偵,3
宏,3
古参,3
育,3
清田,3
体感,3
大物,3
概要,3
属性,3
解消,3
新品,3
機械,3
いや,3
応募,3
若葉,3
惨死,3
ラス,3
世界中,3
寸前,3
実家,3
やり直し,3
骨,3
不具合,3
町,3
絶叫,3
現金,3
口調,3
高,3
冷蔵庫,3
春,3
本物,3
ヨーロッパ,3
タバコ,3
欲,3
主義,3
スタミナ,3
勝ち,3
池,3
美少女,3
職,3
交代,3
料,3
デート,3
調子,3
ユニ,3
続き,3
恐竜,3
ラン,3
診断,3
調理,3
獲得,3
加,3
巨大,3
長距離,3
来月,3
合成,3
李,3
帯,3
企画,3
善,3
ソフト,3
オススメ,3
江,3
安倍,3
破壊,3
架空,3
表記,3
いかが,3
表紙,3
身分,3
ホルモン,3
保健所,3
死去,3
リアル,3
範囲,3
配布,3
報酬,3
訪問,3
買い物,3
穴,3
あんま,3
枠,3
反論,3
タメ,3
事情,3
吉村,3
リモート,3
心中,3
ベスト,3
峠,3
支払い,3
ゼロ,3
了解,3
遭遇,3
クリック,3
無視,3
拙者,3
仏閣,3
祖父,3
済,3
機関,3
水筒,3
部門,3
守,3
細田,3
官,3
死者,3
磁石,3
軽症,3
未満,3
志望,3
映像,3
発狂,3
中心,3
目撃,3
廊下,3
攻,3
主治医,3
事例,3
両方,3
盗,3
周辺,3
肺,3
血液,3
同期,3
先日,3
チューブ,3
ベッド,3
巡り,3
ショート,3
関西,3
内閣,3
溝,3
康二,3
ナレーション,3
セックス,3
幸い,3
脂肪,3
入り口,3
痙攣,3
筋,3
考え,3
ブランド,3
一生懸命,3
沈没,3
桁,3
原稿,3
ボス,3
語,3
河野,3
セッション,3
爺,3
競走,3
そいつ,3
イタリア,3
フランス,3
出力,3
家系,3
到着,3
定刻,3
異性,3
高専,3
許容,3
回避,3
妖怪,3
アリーナ,3
メガ,3
アド,3
自ら,3
取引,3
木,3
捕獲,3
自粛,3
カップル,3
期限,3
腹,3
うそ,3
汗,3
激減,3
体重,3
飲み物,3
師匠,3
全力,3
おばさん,3
辺り,3
給与,3
階段,3
順番,3
極端,3
シフト,3
日常,3
マーク,3
確率,3
改造,3
異様,3
高騰,3
先週,3
解除,3
皇帝,3
ターボ,3
実感,3
室温,3
プライド,3
在庫,3
色々,3
殺し,3
炎上,3
ブロック,3
セーフ,3
戦士,3
合計,3
盗難,3
振り,3
表示,3
有栖川,3
後日,3
発,3
選択,3
笑い,3
気軽,3
エンジニア,3
老人,3
理,3
底,3
致命,3
ラップ,3
配達員,3
必死,3
配達,3
あだ名,3
糸,3
金庫,3
乱,3
行,3
カエル,3
判明,3
嫉妬,3
特徴,3
友情,3
印刷,3
恐怖,3
インターネット,3
ハイ,3
出し,3
解像度,3
記録,3
回数,3
半袖,3
思考,3
かいしん,3
具合,3
いち,3
雷,3
カウンター,3
げき,3
ほか,3
単位,3
現地,3
カウント,3
右,3
男尊女卑,3
アクセサリー,3
スイッチ,3
浮気,3
深呼吸,3
合唱,3
本丸,3
鈴木,3
健全,3
中学,3
あんず,2
狂気,2
金持ち,2
フェイズ,2
テンション,2
内臓,2
普遍,2
肌,2
国分,2
やけど,2
方言,2
ボード,2
感心,2
日差し,2
前後,2
乾杯,2
当主,2
刀身,2
結び目,2
パターン,2
狩猟,2
粉みじん,2
出席,2
成分,2
うるか,2
口コミ,2
香水,2
カット,2
検診,2
激怒,2
業種,2
スカウト,2
標準,2
常温,2
短時間,2
自室,2
強力,2
精製,2
実現,2
それぞれ,2
朝食,2
何者,2
持論,2
怪我,2
理事,2
カート,2
用語,2
一文字,2
則宗,2
方面,2
進化,2
台風,2
スペシャル,2
円盤,2
好評,2
商,2
完売,2
勝負,2
芝居,2
ボラ,2
本格,2
取り返し,2
土俵,2
過激,2
気遣い,2
助産,2
国鉄,2
墓場,2
キープ,2
サポート,2
しり,2
邪魔,2
哲学,2
台詞,2
雇用,2
プロジェクト,2
武器,2
想い,2
夜中,2
給付,2
波,2
揚げ,2
レシート,2
給食,2
観点,2
ガス,2
カラス,2
諸君,2
全滅,2
意思,2
明け,2
頒布,2
坊さん,2
経,2
バンク,2
帆,2
自主,2
輸血,2
条例,2
努力,2
経緯,2
規定,2
サリン,2
神経,2
要領,2
不要,2
船員,2
組合,2
コト,2
ベビー,2
妙齢,2
オーラ,2
木川,2
一致,2
桜,2
猛毒,2
食品,2
技,2
真顔,2
ひまわり,2
同時,2
モニター,2
リアルタイム,2
花子,2
序盤,2
提示,2
警戒,2
裏切り,2
あっち,2
教室,2
観客,2
コーン,2
単騎,2
ジャスミン,2
反抗,2
家畜,2
成立,2
フリート,2
先進,2
オオサカ,2
サメ,2
わに,2
いぬ,2
キミ,2
マット,2
昨年,2
生まれ,2
病人,2
処方,2
転移,2
ヶ所,2
牛,2
ファンタジー,2
経費,2
庁,2
打ち,2
人員,2
謝罪,2
独自,2
専用,2
ソ連,2
宗谷,2
換気扇,2
総理,2
思想,2
知見,2
マッサージ,2
導入,2
扇風機,2
カリ,2
発注,2
動作,2
移行,2
大概,2
瓶,2
必需,2
おかげ,2
承認,2
採点,2
戦隊,2
姿勢,2
対等,2
甲殻,2
角,2
読書,2
外国,2
一環,2
称号,2
スナック菓子,2
咳,2
明かり,2
電気,2
発想,2
自民,2
吹奏楽,2
弓道,2
建物,2
軒並み,2
圧力,2
語り,2
ワン,2
案,2
解決,2
おじいさん,2
困窮,2
イチ,2
銀行,2
保守,2
地下街,2
プラン,2
規範,2
妨げ,2
依存,2
物体,2
繰り返し,2
他人,2
頭割り,2
ファイブ,2
結末,2
遺言,2
森,2
二郎,2
初日,2
鶯,2
幼女,2
性愛,2
同性愛,2
トランス,2
帝,2
守護,2
おねがい,2
ラッシュ,2
手当て,2
美術館,2
博物館,2
女医,2
祭,2
穏やか,2
カジュアル,2
背後,2
テキスト,2
ケース,2
政権,2
完成,2
ピース,2
乞食,2
タッチ,2
行政,2
方針,2
本編,2
過剰,2
希釈,2
自治体,2
待ち,2
最低限,2
手順,2
両手,2
お祈り,2
冥福,2
納税,2
全裸,2
奏,2
ウサギ,2
有利,2
果て,2
自動車,2
維新,2
日々,2
世間,2
タレント,2
クエスト,2
改変,2
コンクール,2
ちょ,2
一定,2
被弾,2
いろいろ,2
古代,2
肯定,2
乖離,2
産婦人科,2
ゴリ,2
則,2
お話し,2
かかりつけ,2
イヤ,2
粉ミルク,2
次第,2
仕上がり,2
胎児,2
住人,2
優等生,2
ビタミン,2
タンパク質,2
アミノ酸,2
法律,2
組織,2
えな,2
はじめ,2
具体,2
占,2
・,2
バディ,2
曰く,2
天皇,2
油断,2
未読,2
事業,2
平気,2
民主党,2
不自由,2
工事,2
スイス,2
スペイン,2
取り,2
ネズミ,2
農家,2
フレーズ,2
リスナー,2
複製,2
つなぎ,2
ひねり,2
一方,2
誤植,2
魔法使い,2
アップ,2
無し,2
しよう,2
呼ばわり,2
行き,2
クリニック,2
一ノ瀬,2
順,2
系列,2
皆さま,2
過労,2
都民,2
午前,2
解禁,2
地下,2
再現,2
かな,2
まれ,2
市長,2
電,2
殴り合い,2
ディズニー,2
当選,2
枝,2
達人,2
与謝野,2
相乗,2
クッション,2
連休,2
翌日,2
点字,2
軽率,2
画,2
福,2
前半,2
アウト,2
自発,2
寺社,2
砂糖,2
結論,2
恩,2
支給,2
管,2
模型,2
捕鯨,2
療養,2
愚か,2
入社,2
サビ,2
抜き,2
滅,2
視点,2
辻,2
肺炎,2
才,2
空腹,2
特典,2
とも,2
速やか,2
ストレス,2
指導,2
継承,2
告白,2
幼児,2
ボール,2
大手,2
都道府県,2
暴走,2
採掘,2
行事,2
非難,2
結婚式,2
先達,2
由来,2
同封,2
入学,2
アクセル,2
応対,2
窓口,2
体制,2
辟易,2
豚,2
堪能,2
助平,2
策定,2
答弁,2
活用,2
マヤ,2
オリジナル,2
どなた,2
双極,2
失調,2
統合,2
白人,2
フィガロ,2
関所,2
アピール,2
下校,2
洞,2
ナポリ,2
廻,2
解散,2
言い方,2
正解,2
苦しみ,2
便,2
月頃,2
自力,2
子連れ,2
トンカツ,2
血小板,2
鬱病,2
中央,2
一体,2
ショートケーキ,2
直前,2
見学,2
製造,2
殺害,2
靭帯,2
立川,2
ギター,2
ワーク,2
都内,2
片割れ,2
マーカー,2
高橋,2
整備,2
鍬,2
運命,2
工業,2
各位,2
独占,2
選挙,2
会議,2
とんでも,2
串焼き,2
プラグ,2
冷凍庫,2
プロデューサー,2
トモ,2
テツ,2
久々,2
手元,2
査読,2
当方,2
晴香,2
白石,2
杜,2
電波,2
直木賞,2
記述,2
ゴム,2
膜,2
人体,2
サッカー,2
おば,2
正常,2
フリ,2
マス,2
アシスタント,2
無知,2
いとこ,2
氷点下,2
義勇,2
礼儀,2
利益,2
次回,2
青じそ,2
携帯,2
心不全,2
往復,2
財布,2
カラー,2
バランス,2
主力,2
傘,2
教養,2
ミュージック,2
弦,2
ざわざわ,2
因果,2
亜,2
お気に入り,2
著作,2
憲法,2
性器,2
最期,2
オシャレ,2
中高生,2
かなり,2
週末,2
山河,2
亀梨,2
集合,2
好み,2
廃墟,2
観察,2
二次会,2
悪化,2
機材,2
静寂,2
ウオッカ,2
疑問,2
安堵,2
衝動,2
理屈,2
仮説,2
レール,2
背中合わせ,2
京,2
爪楊枝,2
北斗,2
エレベーター,2
橋,2
推薦,2
出来,2
信長,2
農場,2
滝本,2
マネー,2
切り,2
旦,2
わし,2
われわれ,2
コミック,2
別物,2
単独,2
丈,2
マフィア,2
宗,2
皮,2
クーポン,2
大賞,2
サンリオ,2
メガネ,2
強度,2
セカンド,2
制服,2
イオン,2
激務,2
アトラクション,2
瓦礫,2
本多,2
増税,2
ニンジン,2
ピアス,2
スラング,2
本能,2
常田,2
タンブラー,2
金属,2
炭酸,2
経理,2
コールド,2
大泉,2
単行,2
指先,2
表面,2
堀川,2
矯正,2
薬品,2
器,2
ブラジャー,2
翻訳,2
トラブル,2
未定,2
翠,2
成仏,2
効率,2
服装,2
ドーナツ,2
城田,2
適切,2
カフェイン,2
ギャグ,2
歯ブラシ,2
枕,2
仮名,2
通用,2
歯車,2
相槌,2
敬語,2
真相,2
合理,2
実話,2
皮肉,2
沼,2
卓,2
反省,2
経過,2
残り火,2
カナ,2
出場,2
豪華,2
ユニバーサル,2
絆,2
幹事,2
輸送,2
加工,2
ビール,2
オードリー,2
ヌードル,2
カップ,2
牛乳,2
賞品,2
お父さん,2
バッグ,2
おばけ,2
試合,2
ナンバー,2
台湾,2
中華人民共和国,2
雑談,2
牧師,2
治癒,2
難病,2
血栓,2
静脈,2
頭痛,2
津波,2
原発,2
清志郎,2
冨岡,2
仰天,2
主人,2
庵,2
刑事,2
例外,2
ぬいぐるみ,2
人権,2
菓子,2
お世話,2
可視,2
賛辞,2
粉,2
道具,2
駿,2
鳥,2
強,2
覚醒剤,2
ランチ,2
ガウン,2
チャンス,2
裸,2
従業,2
布,2
心療内科,2
通販,2
洒落,2
小娘,2
変換,2
体温,2
凍死,2
ニーズ,2
抑制,2
院長,2
木造,2
賢者,2
佳,2
クォーター,2
仕組み,2
勝利,2
岡田,2
締切,2
自社,2
転職,2
うんこ,2
音符,2
点数,2
事案,2
暴言,2
近隣,2
義理,2
開幕,2
畜生,2
怪談,2
滅茶苦茶,2
情緒,2
新潟,2
衛生,2
両者,2
照射,2
ポスト,2
不満,2
半,2
横浜,2
態度,2
ギャラ,2
監視,2
屋外,2
エデン,2
激戦,2
オメガ,2
歯医者,2
汚れ,2
紫,2
書類,2
周年,2
支部,2
質,2
阿鼻叫喚,2
核,2
メロン,2
抗議,2
冬,2
ベリー,2
制覇,2
開設,2
趣味,2
通帳,2
遠征,2
ウルトラマン,2
就業,2
ファイター,2
フード,2
新婦,2
年月,2
生き物,2
覚醒,2
上記,2
尾身,2
振る舞い,2
陸,2
佐藤,2
欧米,2
決断,2
目玉焼き,2
内心,2
すき,2
筑波大学,2
強制,2
麻雀,2
庭,2
交通,2
ハゲ,2
一昔,2
鉛筆,2
やかん,2
デモ,2
アート,2
違法,2
乗り,2
複数,2
成果,2
無意識,2
休講,2
昨夜,2
マトモ,2
立憲,2
芝,2
放題,2
チンピラ,2
発行,2
東宝,2
左右,2
学会,2
蛾,2
相,2
見た目,2
重視,2
バンダイ,2
玩具,2
いちばん,2
萎縮,2
お返し,2
新刊,2
価格,2
北京,2
向上,2
形態,2
一種,2
安価,2
図,2
メニュー,2
ファインダー,2
棺桶,2
まんま,2
人種,2
輸入,2
付け,2
奇妙,2
クセ,2
課長,2
不審,2
下半身,2
木材,2
重み,2
鉄板,2
会計,2
お互い,2
考査,2
へん,2
味方,2
鼻歌,2
備品,2
強火,2
劇,2
爆弾,2
献身,2
聡,2
止め,2
オーダー,2
項目,2
強引,2
志賀,2
山手,2
狂人,2
殺し合い,2
転生,2
シェア,2
蘭,2
幼なじみ,2
グランド,2
プライバシー,2
連行,2
外食,2
本島,2
島,2
本州,2
道民,2
紋章,2
シンデレラ,2
権威,2
忠実,2
死後,2
色,2
チケット,2
輪,2
箇所,2
ライト,2
筈,2
幅,2
本屋,2
書店,2
コミュニティ,2
齢,2
あれこれ,2
ミント,2
白紙,2
ソーラー,2
佐川急便,2
恭子,2
深田,2
防止,2
デメリット,2
ぜんぶ,2
野良猫,2
軒,2
零,2
対処,2
課題,2
偶然,2
稽古,2
自信,2
オファー,2
長時間,2
新宿,2
晩,2
布団,2
金曜,2
連合,2
コロイド,2
議論,2
ゴースト,2
スポット,2
睡眠,2
米国,2
気質,2
地上,2
白銀,2
鳴き声,2
修理,2
自転車,2
キモ,2
だし,2
片方,2
尾,2
読解,2
教科書,2
借金,2
禁,2
端的,2
真理,2
設立,2
ゆき,2
琥珀,2
隔離,2
中身,2
岩,2
幾度,2
言語,2
サラリーマン,2
ペーパー,2
所持,2
浄,2
実行,2
削減,2
バン,2
八,2
古,2
推進,2
遊戯,2
登,2
オーク,2
福祉,2
主食,2
県知事,2
濃度,2
府,2
円香,2
双璧,2
綾瀬,2
落書き,2
ポテト,2
一時期,2
種族,2
露出,2
興奮,2
タミ,2
キロ,2
性的,2
勃起,2
毎月,2
コーナー,2
運搬,2
刺青,2
バリデーション,2
やりとり,2
広範囲,2
回分,2
マルチ,2
引退,2
鈴村,2
健一,2
坂本,2
綾,2
っ子,2
逆転,2
フライ,2
マヨネーズ,2
工夫,2
名古屋,2
ごろ,2
最速,2
手洗い,2
陰性,2
攻撃,2
イチャモン,2
糾弾,2
正当,2
言い訳,2
ブース,2
明記,2
有休,2
リストラ,2
中居,2
研修,2
人妻,2
新人,2
コン,2
敗訴,2
定着,2
倒産,2
以来,2
一時,2
経由,2
御社,2
新作,2
介,2
てめえ,2
アタック,2
中絶,2
答え,2
オシッコ,2
挙句,2
運賃,2
自動,2
フラグ,2
そん,2
目覚め,2
わん,2
原則,2
カム,2
労,2
寛容,2
グレート,2
厚,2
トロ,2
室内,2
揚げ物,2
ばん,2
堂本,2
接触,2
啄木,2
ダンス,2
石川,2
共同,2
ロゴ,2
通報,2
満載,2
脆弱,2
出典,2
犯罪,2
手口,2
リビング,2
解説,2
検知,2
認知,2
アイツ,2
年上,2
明治,2
変化,2
性質,2
難民,2
注目,2
レポ,2
試練,2
注射,2
見方,2
休業,2
どん,2
誤差,2
エン,2
持病,2
さら,2
家電,2
返品,2
信念,2
ケーブル,2
文法,2
物資,2
文字数,2
平野,2
味噌汁,2
ズボン,2
夕飯,2
癖,2
法的,2
回し,2
ブラ,2
敗北,2
クーラー,2
不平等,2
正和,2
長,2
食べ物,2
驚愕,2
二つ,2
ここら,2
増加,2
未婚,2
役所,2
虫,2
ヘッドホン,2
請求,2
福音,2
音声,2
規約,2
学習,2
密,2
荷物,2
イレブン,2
完了,2
心身,2
共,2
かしこ,2
クン,2
生き恥,2
有吉,2
アナ,2
出社,2
芸能,2
風潮,2
滋養,2
ぼんやり,2
理系,2
キャンペーン,2
化学,2
堂,2
修学旅行,2
スキャナ,2
ダンボール,2
全面,2
ハンバーグ,2
岡山,2
週刊,2
心底,2
現時点,2
刺激,2
リリース,2
フィット,2
遺骨,2
賃貸,2
依頼,2
変動,2
選別,2
座席,2
さい,2
におい,2
２つ,2
静か,2
才能,2
飛行機,2
オウム,2
季節,2
肉体,2
額,2
叫び,2
乙女,2
複雑,2
鼻,2
我ら,2
素数,2
怪物,2
プライベート,2
表,2
物理,2
無名,2
つまり,2
豊富,2
展,2
リーマン,2
調べ,2
不況,2
前髪,2
散歩,2
材料,2
本音,2
歓迎,2
ベル,2
無断,2
他殺,2
ラインナップ,2
塩,2
丈夫,2
匹,2
法医学,2
唐,2
真っ当,2
後半,2
持ち,2
局,2
墓,2
深刻,2
変更,2
がわり,2
あたり,2
拡張,2
入手,2
習慣,2
真一,2
田んぼ,2
菜,2
ローソン,2
モデル,2
偉大,2
伝達,2
人人,2
強み,2
該当,2
後者,2
任意,2
進行,2
福島,2
出血,2
回転,2
製作,2
事前,2
スキャン,2
売上,2
まとめ,2
操作,2
排除,2
糖尿,2
野郎,2
切断,2
バラ,2
貧乏人,2
ギフト,2
改名,2
洗脳,2
定価,2
ハード,2
麻薬,2
互換,2
誤認,2
一人暮らし,2
アポロ,2
念願,2
薬局,2
クビ,2
若手,2
放射能,2
兄,2
そっ,2
無限,2
ネクタイ,2
練習,2
割合,2
部数,2
保管,2
欄,2
悪魔,2
リセット,2
ダウンロード,2
わら,2
シド,2
手法,2
おかあさん,2
誘導,2
土井,2
せん,2
腑,2
各地,2
タイムズ,2
戦い,2
善晴,2
上層,2
平成,2
煮物,2
前科,2
禁煙,2
塗装,2
根拠,2
コリー,1
天ぷら,1
ホッホ,1
生還,1
天つゆ,1
矢花,1
所在地,1
ボイス,1
ローテーション,1
蜘蛛,1
洞窟,1
趣旨,1
参政,1
那谷,1
満,1
〆切,1
ヨーグルト,1
銃刀,1
行きつけ,1
小夜,1
改訂,1
免許,1
名乗り,1
味見,1
一挙,1
うさぎ,1
村田,1
製本,1
性善説,1
束の間,1
催し物,1
力戦,1
治郎,1
流産,1
変態,1
束縛,1
いし,1
浄化,1
半額,1
レンズ,1
不妊,1
絶滅,1
エンド,1
本領,1
バタ,1
発揮,1
西川,1
広め,1
バイ,1
サマ,1
時折,1
ベンチャー,1
望遠,1
遠く,1
地味,1
水遊び,1
目下,1
老害,1
腕力,1
何処,1
悪口,1
実害,1
投影,1
ゴミ箱,1
ちゃ,1
筆頭,1
提言,1
神隠し,1
欠点,1
突入,1
囁き,1
民族,1
しょうが,1
おかみ,1
症候群,1
烏龍茶,1
悶着,1
自費,1
速攻,1
認可,1
札,1
パッチ,1
プラント,1
見通し,1
私欲,1
市販,1
アスファルト,1
前立腺,1
日本橋,1
日本国,1
持続,1
陰陽,1
使い方,1
今野,1
呪,1
落下,1
液晶,1
おじいちゃま,1
初代,1
ヒビ,1
公道,1
枕詞,1
連携,1
恐縮,1
逃走,1
不十分,1
プレゼン,1
イマイチ,1
私利,1
談,1
色気,1
唇,1
おそろい,1
苗,1
頂戴,1
自称,1
善人,1
良識,1
調整,1
自認,1
包茎,1
政敵,1
正体,1
スカラ,1
ドク,1
春雨,1
ジャンプ,1
ボクシング,1
スタート,1
不整脈,1
遅筆,1
ヒロ,1
アカ,1
巻頭,1
長生き,1
子持ち,1
地名,1
アイコ,1
願い,1
八王子,1
リーダー,1
立ち姿,1
役者,1
渦中,1
ミル,1
文明,1
最上川,1
渡し,1
不能,1
べそ,1
アイス,1
夜勤,1
たんか,1
並,1
分身,1
嶺,1
ども,1
考古学,1
出し物,1
加速,1
衰え,1
ランニング,1
斬新,1
機内,1
告発,1
示談,1
雨宿り,1
知恵,1
五月,1
チャレンジ,1
減税,1
先行,1
タップ,1
共倒れ,1
栄養素,1
打撲,1
若林,1
十字,1
損傷,1
小中学生,1
スポーツ,1
乳幼児,1
整形,1
外科,1
うつ,1
ふじょ,1
正答,1
設問,1
不適切,1
列挙,1
簡素,1
近年,1
遺憾,1
頬,1
自前,1
ロケット,1
骨折,1
注入,1
今井,1
観劇,1
切手,1
定額,1
小為替,1
重工,1
納入,1
返信,1
封筒,1
オジサン,1
詞,1
連れ,1
終演,1
わる,1
量販,1
仲直り,1
ロスト,1
空席,1
旅館,1
自陣,1
グアム,1
支社,1
八代,1
招集,1
大和,1
磨き,1
肛門,1
採用,1
島原,1
瀕死,1
カス,1
侵略,1
カロリー,1
当分,1
包丁,1
先送り,1
リファレンス,1
振り分け,1
手塚,1
下がり,1
専攻,1
治虫,1
色分け,1
銭湯,1
ボロボロ,1
留美子,1
矛盾,1
アップデート,1
麻痺,1
貸出,1
血塗れ,1
舗装,1
ハント,1
コメディアン,1
種籾,1
要約,1
心霊,1
寮生,1
諍い,1
神主,1
寮長,1
聖火,1
近親,1
ミュージシャン,1
享受,1
悲痛,1
相姦,1
語感,1
キャリア,1
聖職,1
リレー,1
娯楽,1
ベランダ,1
お母様,1
黙示録,1
兵士,1
宛名,1
電通,1
パソナ,1
八面六臂,1
ロール,1
原生,1
虐殺,1
農業,1
手前,1
内訳,1
計上,1
丸川,1
マニュアル,1
活躍,1
単価,1
千葉,1
退勤,1
働き,1
ナウ,1
京王,1
ばら,1
お笑い,1
團十郎,1
芸,1
時短,1
量子,1
広島,1
大宮,1
戦艦,1
真摯,1
先回り,1
せつ,1
マチ,1
ウインカー,1
クラブハウス,1
汎用,1
公家,1
チャイナ,1
ハット,1
対話,1
琴乃,1
店舗,1
ひょっと,1
片付け,1
三石,1
精神病,1
下落,1
スーパーマン,1
ウェディング,1
ドレス,1
窒息,1
そごう,1
相対,1
近似,1
主権,1
紛争,1
段取り,1
少数,1
動員,1
代理,1
主事,1
レミ,1
受け答え,1
平文,1
漱石,1
こころ,1
キャプション,1
東南,1
足元,1
土下座,1
構図,1
商社,1
受動,1
受験生,1
ロードショー,1
貴殿,1
連合体,1
形骸,1
観光,1
宿,1
失敗談,1
体力,1
ツール,1
鯖,1
乱立,1
分散,1
朝会,1
湿布,1
入れ,1
追随,1
浪人,1
電鉄,1
銚子,1
リゾート,1
予備校,1
５月,1
春画,1
南口,1
お節介,1
無責任,1
既出,1
たらい,1
雪,1
豹,1
追記,1
クリームチーズ,1
身近,1
比較,1
納品,1
締め切り,1
戦略,1
ペイ,1
オン,1
解,1
ボーイ,1
釜飯,1
ワシ,1
借り物,1
私語,1
カセット,1
独特,1
マウント,1
縮小,1
林業,1
外材,1
売場,1
配偶,1
疲弊,1
製材,1
錠,1
ちくしょう,1
手書き,1
メイド,1
桂,1
汐,1
察知,1
馴染み,1
幼虫,1
筋金入り,1
運慶,1
出口,1
野良,1
リップ,1
タイムス,1
ドライブ,1
未熟,1
スルー,1
スピーカー,1
商標,1
船越,1
彫刻,1
塩梅,1
トレス,1
異変,1
領域,1
素材,1
建築,1
アパレル,1
屈辱,1
充実,1
得策,1
チャーハン,1
一蹴,1
二酸化炭素,1
反射,1
四肢,1
土木,1
代理人,1
昼寝,1
だるま,1
過酷,1
岡,1
可愛,1
おり,1
技法,1
とかげ,1
輪姦,1
重宝,1
一流,1
控え,1
レポート,1
ロー,1
悪戯,1
壁面,1
ショップ,1
農民,1
お次,1
本場,1
桃屋,1
ドラッグストア,1
淳,1
無垢,1
中間,1
店内,1
賭,1
相づち,1
録,1
望,1
リュック,1
ラバ,1
硬直,1
会食,1
ログイン,1
こま,1
広がり,1
上旬,1
神殿,1
不覚,1
靖子,1
快慶,1
沢口,1
特有,1
有名人,1
工藤,1
岸,1
上半身,1
信夫,1
毛利,1
公判,1
低空,1
奥様,1
行革,1
悠久,1
承知,1
起訴,1
女王,1
カップリング,1
題,1
公認,1
伊達,1
同然,1
冷静,1
酔狂,1
ドル,1
ゴール,1
水火,1
バブル,1
巨体,1
ゴマ,1
不名誉,1
たくら,1
火山,1
桜庭,1
火口,1
体内,1
溶岩,1
衝撃波,1
更地,1
武豊,1
元素,1
月末,1
騎手,1
エキサイティング,1
材,1
開き,1
やけくそ,1
こいつ,1
自信満々,1
講演,1
身一つ,1
美味,1
一作,1
東海,1
一見,1
紙一重,1
因縁,1
内部,1
上肢,1
最大手,1
新規,1
移住,1
脳外科,1
生者,1
目玉,1
模様,1
中山,1
眼,1
仮面ライダー,1
地帯,1
費用,1
パートナー,1
抹消,1
ボンド,1
移植,1
木工,1
群像,1
愛憎,1
分裂,1
過度,1
領土,1
ジャム,1
ハリウッド,1
スタンス,1
泰秀,1
うっかり,1
軍曹,1
敵対,1
手付け,1
社風,1
ごい,1
下肢,1
じじ,1
空洞,1
ビビンバ,1
壮絶,1
マイク,1
厨房,1
公平,1
先入観,1
純粋,1
磨,1
鳥取,1
劣等,1
風車,1
草原,1
上昇,1
平行,1
養生,1
テープ,1
仕込み,1
メソッド,1
上下,1
影,1
近代,1
夕焼け,1
ガイド,1
ヤマハ,1
お婆さん,1
三つ,1
バッジ,1
近所,1
切れ味,1
千秋楽,1
密か,1
心情,1
フリーター,1
アフター,1
縁,1
退室,1
公務員,1
たて,1
丸岡,1
和佳奈,1
投下,1
コロッケ,1
試行錯誤,1
ひと昔,1
文献,1
地質,1
呆然,1
志位,1
着替え,1
泣き,1
ジェット,1
ジャガー,1
対,1
更,1
狼狽,1
覚え,1
互い,1
品物,1
潜在,1
うろ覚え,1
癪,1
書き込み,1
たよ,1
後退,1
不愉快,1
出番,1
レシピ,1
ハム,1
おもし,1
枚数,1
レモン,1
汁,1
無邪気,1
水菜,1
トップ,1
双方,1
悪役,1
長足,1
少なめ,1
鰻,1
瞬時,1
整頓,1
うちわ,1
整理,1
ハイフン,1
粗大,1
夏バテ,1
資格,1
イソップ,1
亀,1
童話,1
諸国,1
周知,1
落語,1
楽師,1
匠,1
喬,1
プロパガンダ,1
補助,1
補償,1
両津,1
寒気,1
中共,1
勘,1
吉,1
両さん,1
伏黒,1
暗殺,1
根本,1
災厄,1
煩い,1
唐変木,1
ジェスチャー,1
顧客,1
上げ,1
ハッピーエンド,1
金具,1
ヒット,1
成績,1
ハードカバー,1
薄皮,1
放課後,1
長子,1
懸命,1
クイズ,1
早め,1
ショウ,1
孔雀,1
人助け,1
コミカル,1
カルテ,1
手作業,1
バスケ,1
ひたむき,1
思いやり,1
ラプラス,1
地道,1
重複,1
水物,1
隙間,1
何かしら,1
わがまま,1
有効,1
直線,1
狂,1
存,1
微か,1
バックス,1
一息,1
失恋,1
号泣,1
ドナー,1
虐待,1
厚み,1
干渉,1
振動,1
容疑,1
選手権,1
イス,1
雅子,1
否認,1
葬儀,1
ぬい,1
綿,1
サスペンス,1
櫻井,1
翔,1
優男,1
シゲ,1
稀少,1
アキ,1
磁力,1
公,1
鑑賞,1
解析,1
料亭,1
宴会,1
送迎,1
おまわりさん,1
くま,1
演者,1
後編,1
うし,1
送信,1
うど,1
国家,1
腿,1
凛,1
世,1
ひより,1
雲,1
有喜,1
伊吹,1
受賞,1
セレクション,1
面白,1
暗証,1
濫用,1
腹筋,1
声量,1
値上げ,1
減給,1
新入生,1
職権,1
担任,1
コンドーム,1
就職,1
けんか,1
ボリビア,1
論破,1
判定,1
同い年,1
傾向,1
シバ,1
初,1
史上,1
ハネムーン,1
髪の毛,1
大倉,1
次男,1
つまみ食い,1
ハングル,1
検定,1
朝鮮人民軍,1
ノリノリ,1
ダービー,1
連覇,1
雅人,1
堺,1
生存,1
城,1
処,1
出版,1
挙げ句,1
上がり,1
前向き,1
気弱,1
手持ち,1
みつよ,1
手鏡,1
過ち,1
じゃがいも,1
慎,1
論外,1
同情,1
奇異,1
グルメ,1
推移,1
普及,1
屈強,1
走馬灯,1
脳裏,1
現世,1
襲撃,1
ランドセル,1
小,1
男児,1
愛染,1
蛍,1
媒介,1
清光,1
ビーフジャーキー,1
じん,1
旨味,1
７月,1
開業医,1
体系,1
略,1
初夜,1
あきらか,1
交わり,1
呂,1
兎馬,1
孤,1
緑色,1
切実,1
泌尿器,1
表明,1
啓発,1
フシ,1
大半,1
謙虚,1
内科,1
恥辱,1
薩摩,1
武士,1
名折れ,1
加速度,1
癇癪,1
著者,1
絶,1
毎週,1
許,1
称賛,1
根,1
裏切り者,1
木更津,1
酒々井,1
金谷,1
心地,1
ハーネス,1
人々,1
マグロ,1
漁船,1
価,1
抗体,1
利害,1
平蔵,1
越前,1
テニス,1
優勝,1
家康,1
天下,1
統一,1
石板,1
パピルス,1
ランナー,1
引き伸ばし,1
誘惑,1
樹脂,1
粘土,1
可塑,1
毛細血管,1
壊死,1
譚,1
碇,1
遅れ,1
入荷,1
塩漬け,1
盗み聞き,1
水曜,1
実践,1
佐々木,1
騎乗,1
夜ふかし,1
空港,1
朗報,1
探索,1
ホームステイ,1
待合室,1
奈須,1
小脇,1
診察,1
流血,1
クワガタ,1
妄言,1
外出,1
婚約,1
損,1
保障,1
転勤,1
ヒレ,1
名字,1
指名,1
いただき,1
カツ,1
アスパラ,1
グリーン,1
響き,1
裏話,1
論争,1
陳腐,1
潤沢,1
一家,1
誘い,1
品川,1
デー,1
金貸し,1
返済,1
円卓,1
勢揃い,1
ノッブ,1
再編,1
棒立ち,1
昂,1
輝,1
きのこ,1
人質,1
パンデ,1
ミック,1
着席,1
マーケット,1
すか,1
地平,1
きょう,1
商談,1
匂い,1
成約,1
透明,1
逸話,1
並み,1
ホワイト,1
アジェンダ,1
脚本,1
サンド,1
惣菜,1
とことん,1
孤高,1
連帯,1
召喚,1
解き方,1
欺瞞,1
張り,1
同じ穴の狢,1
勝者,1
フレンドリー,1
構文,1
返金,1
クラッシャー,1
ホーチミン,1
そっち,1
オッサン,1
戦車,1
軍艦,1
手合い,1
密造,1
ドキュメンタリー,1
兄貴,1
ハトムギ,1
ほうじ茶,1
ソロモン,1
オペレーター,1
万有引力,1
魔力,1
ほや,1
軌道,1
筋力,1
しんみり,1
院生,1
悪態,1
終盤,1
デビュー,1
日比谷,1
待ち合わせ,1
統計,1
コントロール,1
増,1
手配,1
心当たり,1
時津,1
保健,1
スリッパ,1
京本,1
ピュア,1
動向,1
出会い,1
ホームページ,1
開業,1
背面,1
不機嫌,1
露,1
港,1
一括,1
兼定,1
乱歩,1
カップラーメン,1
錦織,1
心意気,1
歌合,1
桑名,1
ごま油,1
こんぺいとう,1
知らせ,1
未払い,1
パンパン,1
受け取り,1
江戸川,1
ぺん,1
尿,1
日にち,1
王様,1
貞操,1
観念,1
繋ぎ,1
中卒,1
投与,1
合わせ,1
一服,1
のち,1
看板,1
混沌,1
翌月,1
定番,1
出発,1
観戦,1
共存,1
全焼,1
屋根,1
階,1
推奨,1
接,1
世帯,1
減免,1
減,1
お預け,1
本文,1
教訓,1
ゲスト,1
司会,1
恒例,1
ビックリ,1
裕福,1
模倣,1
藤村,1
野沢,1
ねこ,1
こねこ,1
斑,1
深部,1
ステロイド,1
上空,1
ワールド,1
報奨,1
タキシード,1
我が家,1
来週,1
添加,1
母さん,1
そりゃ,1
要因,1
しま,1
配管,1
水道局,1
見積もり,1
ハロー,1
キティ,1
サム,1
涼,1
ぎみ,1
幕府,1
平民,1
風速,1
邪神,1
達観,1
ふり,1
特色,1
責め,1
結,1
ベストテン,1
しどろもどろ,1
ヤクザ,1
学期,1
顔面,1
鈍痛,1
宮,1
憂鬱,1
穂,1
コメ,1
決算,1
農林水産省,1
休職,1
子猫,1
チリ,1
脳波,1
座り,1
５つ,1
何事,1
国土,1
供与,1
不信,1
アクティブ,1
謂,1
理想,1
闘病,1
宣告,1
領主,1
在米,1
ココナッツ,1
電解,1
いびつ,1
区画,1
倉庫,1
マスカラ,1
ユニフォーム,1
辞退,1
部位,1
羽目,1
オレンジ,1
治安,1
朝っぱら,1
壊滅,1
屋台,1
おでん,1
暖簾,1
シングル,1
シャツ,1
過小,1
作成,1
レコーディング,1
海馬,1
瀬,1
破綻,1
ブランコ,1
天井,1
餓死,1
地面,1
つり,1
革,1
シンク,1
県境,1
山盛り,1
紛失,1
帳簿,1
ベートーヴェン,1
ツイン,1
知名度,1
チャンネル,1
お出かけ,1
負け,1
モラル,1
むだ,1
忠誠,1
拙作,1
眼科,1
暮らし,1
宝石,1
文書,1
先方,1
名簿,1
登山,1
妥当,1
魚雷,1
リプライ,1
サーチ,1
赤信号,1
幹部,1
飛び込み,1
人命,1
浴槽,1
媒体,1
世話,1
真夏,1
自画,1
美化,1
コマ,1
パース,1
マル,1
殺意,1
死屍,1
累々,1
強烈,1
学童,1
日経新聞,1
篤,1
有料,1
散開,1
直,1
衆院,1
厳重,1
口頭,1
刑法,1
一律,1
現行,1
党,1
性交,1
墜落,1
クローバー,1
ジャガイモ,1
着地,1
所沢,1
家賃,1
局番,1
まつり,1
交流,1
ロング,1
オンエア,1
日頃,1
西畑,1
吾,1
大西,1
道枝,1
佑,1
恭平,1
長尾,1
謙,1
藤原,1
丈一郎,1
大橋,1
暮し,1
代官山,1
丘,1
吉祥寺,1
東横線,1
小田急,1
井の頭線,1
沿い,1
市外,1
技能,1
意志,1
病棟,1
パーツ,1
欠席,1
ビーフ,1
却下,1
レストラン,1
可哀想,1
途上,1
外貨,1
債,1
債権,1
天体,1
鹿目,1
全国ネット,1
運用,1
同室,1
ドリル,1
届け先,1
まどか,1
ノースリーブ,1
ランキング,1
歯,1
フレーム,1
広報,1
誤用,1
濃縮,1
直撃,1
追撃,1
休校,1
返し,1
税率,1
軽減,1
焼け跡,1
アナフィラキシー,1
遠慮,1
処理,1
閉口,1
部隊,1
一読,1
申し込み,1
玉砕,1
同伴,1
募集,1
始まり,1
下請,1
内包,1
牛肉,1
つながり,1
しめ,1
事象,1
キャッチ,1
炭火,1
不動,1
行光,1
策,1
キム,1
ワイプ,1
レス,1
支え,1
下着,1
レンタル,1
主従,1
精気,1
吸収,1
象徴,1
他者,1
凍結,1
国内外,1
非対称,1
カブトムシ,1
安静,1
万全,1
いわく,1
フレンド,1
幼馴染,1
通貨,1
残り,1
ハネ,1
セミ,1
素,1
所以,1
引き合い,1
塩分,1
過多,1
気味,1
カリウム,1
アルコール,1
破滅,1
ガロ,1
左目,1
満場一致,1
転校,1
自負,1
素手,1
大袋,1
クッキー,1
時給,1
超,1
食費,1
おにぎり,1
さん付け,1
うえ,1
屈服,1
とたん,1
掌,1
上機嫌,1
右目,1
主役,1
整,1
菅田,1
渡部,1
豪,1
坂口,1
健太郎,1
将,1
我路,1
出陣,1
痛感,1
厳密,1
親族,1
包,1
近侍,1
燭台,1
サックス,1
閣僚,1
お答え,1
暴論,1
その間,1
主要,1
封鎖,1
物流,1
氏名,1
警視庁,1
僧,1
無我夢中,1
突発,1
偶発,1
残忍,1
幼稚,1
啓蒙,1
電球,1
灯り,1
哀しみ,1
恨み,1
文科,1
五条,1
ノベル,1
タッグ,1
リクエスト,1
強壮,1
無愛想,1
意地悪,1
黒髪,1
レインボー,1
家人,1
教,1
マシン,1
応戦,1
ダイス,1
ちんちん,1
下品,1
英単語,1
寝顔,1
照れ,1
断り,1
疾患,1
幸運,1
無敵,1
クズ,1
高価,1
暴れ,1
資産,1
衆議院,1
お子さん,1
宿題,1
模,1
帽,1
雰囲気,1
パンツ,1
要員,1
土,1
晴,1
明,1
妖気,1
線路,1
進歩,1
怨念,1
手帳,1
ファックス,1
画素,1
数種類,1
ワイド,1
ぞう,1
スロープ,1
コンタクトレンズ,1
マナー,1
背伸び,1
入管,1
コンタクト,1
ペディキュア,1
届け,1
マニキュア,1
売却,1
夜逃げ,1
洗練,1
呪力,1
歌姫,1
冥冥,1
撫で斬り,1
ぼう,1
循環,1
シミュレーター,1
長良,1
実物,1
旧約,1
熱発,1
よそ行き,1
スタイル,1
代償,1
シナリオ,1
僅か,1
毅然,1
発現,1
到達,1
室伏,1
だらけ,1
懸念,1
各自,1
ティースプーン,1
至極,1
税理士,1
事務所,1
来年,1
申,1
独り言,1
殆ど,1
ダイエット,1
ひととき,1
直面,1
人望,1
色眼鏡,1
栄養分,1
酒場,1
かけ,1
染,1
粋,1
体質,1
毎晩,1
ステーキ,1
がた,1
劇的,1
口喧嘩,1
鎌倉,1
武者,1
飼い主,1
おいで,1
スティーブン,1
キング,1
掟,1
田舎町,1
大陸,1
広大,1
ビートルズ,1
オアシス,1
清,1
不便,1
割り箸,1
お湯,1
毛布,1
消毒,1
無防備,1
蔓延,1
ロイター通信,1
ロイター,1
キリスト教徒,1
イエス,1
ソファ,1
まめ,1
宝塚,1
福田,1
雄一,1
門下,1
百田,1
尚樹,1
抜擢,1
散財,1
小僧,1
乱雑,1
字面,1
あな,1
夜景,1
蓄財,1
印,1
薬物,1
クイーン,1
末っ子,1
非常勤,1
心筋梗塞,1
疑い,1
かつ,1
度合い,1
歳児,1
復職,1
条,1
条文,1
終業,1
あら,1
筆,1
聖母,1
常勤,1
無双,1
蔑ろ,1
いずれ,1
祥,1
智,1
アンサンブル,1
発展,1
空き巣,1
コレクション,1
プラモ,1
絶版,1
ミリ,1
錬成,1
時刻,1
ゴルフ,1
翌朝,1
日曜,1
脇役,1
奇特,1
いっき,1
らい,1
雨後,1
筍,1
ファインプレー,1
死神,1
講談社,1
校閲,1
死に神,1
送り,1
胴体,1
石垣島,1
枯渇,1
転院,1
離島,1
荒野,1
和,1
分野,1
託,1
雄,1
要注意,1
義父,1
遺伝子,1
御飯,1
本邦,1
真っ向,1
灯油,1
海賊,1
イタズラ,1
泥棒,1
侵入,1
苺,1
戯画,1
後列,1
鳥獣,1
玄関,1
紅白,1
七,1
ガソリン,1
田中,1
結腸,1
寺坂,1
松島,1
猪狩,1
久保,1
廉,1
弱虫,1
モンブラン,1
月のもの,1
音速,1
片っ端,1
魚拓,1
如く,1
韻,1
無意味,1
感銘,1
あい,1
生地,1
玉子,1
養老,1
孟司,1
片目,1
重圧,1
摩擦,1
松陽,1
夜叉,1
辻褄,1
良品,1
納品書,1
開封,1
関節,1
割れ,1
フィギュア,1
今夏,1
取り上げ,1
隊,1
忍,1
虎,1
千秋,1
施錠,1
まんが,1
あとがき,1
記載,1
収集,1
天安門,1
トレーナー,1
しな,1
通話,1
大罪,1
挑発,1
履修,1
科目,1
中華民国,1
生保,1
発達,1
新参,1
カラオケ,1
アーケード,1
出生,1
まち,1
届,1
市役所,1
取得,1
救い,1
推定,1
ランク,1
チーター,1
襟,1
魔,1
拝借,1
日当,1
ヘタ,1
末尾,1
白桃,1
大昔,1
歯ごたえ,1
づくり,1
ペイント,1
アンチ,1
ホームレス,1
忌野,1
液,1
損壊,1
龍一,1
ウニ,1
念,1
香り,1
無欠,1
梗塞,1
脳出血,1
致死,1
合併症,1
早期,1
点滴,1
宣教師,1
ぐるみ,1
カルト,1
オーストラリア,1
宣教,1
オウム真理教,1
キリスト教,1
悟り,1
小躍り,1
けし,1
巧み,1
ナッシュ,1
バット,1
マッチング,1
繁忙,1
流出,1
ストイック,1
スムーズ,1
町内,1
化粧,1
正式,1
陥落,1
養育,1
一角,1
若年,1
抜け目,1
欠片,1
終焉,1
あまり,1
喉,1
ひさし,1
川口,1
春奈,1
堀,1
スターウォーズ,1
不都合,1
地声,1
医学,1
著名,1
眠気,1
今週,1
暇つぶし,1
密集,1
条約,1
滝沢,1
スコア,1
覇者,1
良質,1
極大,1
カルシウム,1
しか,1
物価,1
歌舞伎,1
コレステロール,1
赤十字,1
モチーフ,1
ナース,1
モーニングショー,1
月曜日,1
火曜日,1
稼働,1
出来栄え,1
水曜日,1
木曜日,1
申し分,1
金曜日,1
猿渡,1
哲也,1
外伝,1
無力,1
つけ,1
近況,1
スキャンダル,1
ロード,1
臆面,1
ヒップ,1
ホップ,1
皮下脂肪,1
感度,1
フェザー,1
敏感,1
運び,1
提案,1
マスター,1
ドクター,1
このほど,1
後輩,1
筆者,1
特性,1
有様,1
無念,1
人件,1
ウド,1
ローン,1
虚無,1
独り暮らし,1
魔女,1
共和,1
弁解,1
騒然,1
帝国,1
ティー,1
テコンドー,1
特番,1
病状,1
向井,1
スケジュール,1
微熱,1
脱水,1
嘔吐,1
自立,1
歩行,1
宮田,1
上手,1
重役,1
ソース,1
遠野,1
一昨年,1
メートル,1
書架,1
アクリル,1
あの世,1
糊付け,1
生涯,1
出世,1
罹患,1
レース,1
まさみ,1
名誉,1
補足,1
食生活,1
わたくし,1
頑健,1
わか,1
チョコ,1
純度,1
只,1
脇,1
混濁,1
結実,1
カタカナ,1
水面,1
決戦,1
一人物,1
長澤,1
ローラ,1
鬼舞,1
具現,1
マスコット,1
風見,1
下人,1
老婆,1
植毛,1
バージョン,1
頼り,1
巻末,1
洗剤,1
滴,1
音読,1
長文,1
住まい,1
ひろ,1
ボーリング,1
荷担,1
脅迫,1
脚,1
手本,1
幽霊,1
競争,1
君たち,1
かけがえ,1
姉妹,1
抱擁,1
夏休み,1
伝承,1
割り,1
唄,1
口伝,1
適量,1
音痴,1
身の回り,1
読み,1
ラスト,1
羅生門,1
長久手,1
一宮,1
太刀打ち,1
生身,1
欠,1
クール,1
正反対,1
ピンチ,1
正午,1
破門,1
哀悼,1
追悼,1
意,1
荷,1
無用,1
無難,1
問答,1
記,1
まんば,1
西遊,1
中等,1
研究所,1
なじみ,1
ケニア,1
サバンナ,1
リリー,1
フランキー,1
所有,1
愚か者,1
母校,1
残,1
境目,1
横行,1
親切心,1
注視,1
検疫,1
ざる,1
人数,1
蝉,1
陽炎,1
向こう,1
宝玉,1
あて,1
恥さらし,1
飽和,1
オモチャ,1
クジラ,1
要項,1
冷徹,1
ファースト,1
遅延,1
絵柄,1
痕跡,1
衣,1
上原,1
重量,1
柔道,1
耐久,1
メカニック,1
鴻巣,1
頼光,1
野外,1
奥底,1
俊彦,1
軌跡,1
愛着,1
原点,1
関,1
ローラー,1
かいな,1
噴水,1
姉ちゃん,1
健,1
毎度,1
人手,1
組み合わせ,1
高倉,1
火傷,1
悲惨,1
跡,1
傷跡,1
フツ,1
メン,1
絆創膏,1
前川,1
信仰,1
予見,1
跳び箱,1
皆伝,1
九,1
守秘,1
加減,1
名刀,1
美術,1
ドーム,1
ガザ,1
プリペイドカード,1
懸賞,1
倶利伽羅,1
巴,1
薙刀,1
大典,1
光世,1
堅物,1
西武鉄道,1
ターゲット,1
ダーツ,1
特異,1
有力,1
終局,1
質感,1
俳句,1
島根,1
ほんとう,1
タクシー,1
鉄壁,1
園長,1
爬虫類,1
両生類,1
枝葉,1
労災,1
ばい,1
昨日今日,1
第一声,1
ビヤホール,1
モール,1
浴衣,1
下駄,1
藤井,1
小物,1
剣持,1
記入,1
バッハ,1
来日,1
宿泊,1
泊,1
プラス,1
涼子,1
らん,1
米倉,1
どおり,1
玄,1
市町村,1
車内,1
ヨネ,1
心肺,1
隣村,1
協会,1
外来,1
広場,1
密輸,1
尻込み,1
場外,1
打上花火,1
髭,1
住所,1
焼け野原,1
特級,1
乙,1
村雨,1
自尊心,1
格下,1
きのう,1
人間ドック,1
癌,1
ふしぎ,1
寝たきり,1
村上,1
胃,1
男勝り,1
真衣,1
潮目,1
既,1
津,1
緩慢,1
越し,1
盤,1
リソース,1
祝詞,1
抑揚,1
マンション,1
代々木公園,1
樹木,1
ばらつき,1
ご時世,1
まろやか,1
苦情,1
甘み,1
良,1
芳醇,1
スープ,1
延期,1
きた,1
固唾,1
基地,1
蒸気,1
頃合,1
プッシュ,1
一所懸命,1
マイナー,1
駅伝,1
先導,1
白バイ,1
意気込み,1
一礼,1
ウェイ,1
礼,1
退散,1
トヨ,1
通信,1
法人,1
協定,1
世紀,1
ツボ,1
無,1
婆,1
泡,1
奉行,1
取締り,1
ふみ,1
念頭,1
二階堂,1
怠慢,1
政策,1
初動,1
ポルトガル,1
ヘビ,1
中古,1
園,1
嘘つき,1
ダイヤル,1
民事,1
招来,1
了,1
全う,1
春本,1
抽出,1
遺伝,1
黎明,1
見せ物,1
復元,1
チック,1
謂れ,1
メジャー,1
付け根,1
情欲,1
ノルマ,1
浸食,1
打撃,1
長打,1
ムード,1
投手,1
強肩,1
払い戻し,1
守備,1
虚偽,1
繋がり,1
親権,1
前売,1
朝飯,1
固形,1
糖分,1
断片,1
以北,1
美少年,1
ジュラシックパーク,1
発散,1
脚気,1
大意,1
ノリ,1
ピコ,1
高級,1
車線,1
鮮やか,1
陽射し,1
アルト,1
卿,1
配置,1
アウトドア,1
原,1
ひえ,1
旅人,1
パイ,1
脈,1
餡,1
池沼,1
馬券,1
買い方,1
定数,1
見出し,1
そちら,1
性感,1
愛撫,1
屑,1
僕達,1
避難,1
空振り,1
素振り,1
他所,1
迎え,1
流入,1
歓喜,1
玄人,1
算数,1
にわか,1
香港,1
新鮮,1
高菜,1
おこわ,1
交互,1
エキストラ,1
迎合,1
予告編,1
シン,1
卒,1
慶,1
適度,1
死因,1
鈍感,1
いかん,1
リスト,1
高血圧,1
おかず,1
修正,1
証言,1
たかし,1
思い込み,1
失望,1
ハン,1
すれ違い,1
くだ,1
主夫,1
顕示,1
貧乏,1
目星,1
太田,1
陣,1
百目鬼,1
手紙,1
本郷,1
美味しんぼ,1
多,1
女子美術大学,1
勤労,1
学歴,1
パワー,1
オヤジ,1
動体,1
トン,1
武装,1
対義語,1
ワーグナー,1
甘味,1
おっぱい,1
三段論法,1
九大,1
編入,1
欲求,1
外線,1
名指し,1
当番,1
ローリング,1
朗読,1
所属,1
宝,1
鐘,1
マリン,1
さくら,1
みこ,1
鉄腕,1
笑いもの,1
ハナ,1
怠惰,1
始末,1
ファミコン,1
資源,1
森林,1
伐採,1
八つ,1
動揺,1
将軍,1
足掛け,1
クス,1
病,1
多様,1
ハブ,1
係長,1
侵害,1
したて,1
大衆,1
脂質,1
何某,1
概念的,1
前兆,1
線量,1
盲目,1
憎悪,1
慈愛,1
鼻血,1
大雑把,1
半数,1
婚姻,1
大前提,1
バイキン,1
ひろみ,1
コンビ,1
カイロ,1
レン,1
河村,1
孤立,1
所在,1
アツ,1
血尿,1
独歩,1
伊勢丹,1
日枝,1
一二三,1
日光,1
予算,1
南泉,1
装丁,1
山鳥,1
備前,1
長船,1
平井,1
隔絶,1
堅,1
瞳,1
明細,1
加盟,1
寂,1
陛下,1
肝心,1
美人,1
資本,1
一物,1
殺虫,1
統,1
太古,1
最小限,1
同盟,1
グラフィック,1
発音,1
国公立,1
顎,1
婚期,1
少子,1
レタス,1
改革,1
諸姉,1
諸兄,1
本棚,1
周囲,1
早死,1
巡回,1
フィールド,1
ウチ,1
インク,1
誤爆,1
ヘッド,1
ショット,1
朗らか,1
下火,1
莫大,1
お祝い,1
困惑,1
おき,1
ドイツ語,1
幻,1
乱数,1
紅,1
真澄,1
一郎,1
バガボンド,1
王家,1
ベルギー,1
メキシコ,1
ジグソーパズル,1
冒険,1
開演,1
談笑,1
月間,1
焚書,1
官憲,1
商売,1
鞄,1
草刈り機,1
時間切れ,1
土曜,1
レイプ,1
混乱,1
ネギ,1
地雷,1
葛藤,1
正広,1
差し入れ,1
天女,1
優遇,1
学的,1
ウツボ,1
性別,1
マンガ,1
ご覧,1
生き方,1
下見,1
幼,1
アイテム,1
童貞,1
津崎,1
保安,1
匡,1
兎,1
銃,1
大人気,1
細心,1
アロハシャツ,1
カヲル,1
刻,1
分解,1
因数,1
三郎,1
隠蔽,1
突撃,1
ヨシ,1
敬意,1
更年期,1
重大,1
ありま,1
らいてう,1
大金持ち,1
良心,1
部下,1
翌々日,1
わい,1
問診,1
桃李,1
寝返り,1
悶絶,1
まんじゅう,1
一報,1
平塚,1
誤報,1
問合せ,1
松坂,1
文壇,1
功夫,1
ビス,1
とおり,1
代名詞,1
そば,1
店先,1
貼り紙,1
アナウンス,1
視覚,1
拝見,1
掛け,1
光一,1
阪急,1
返答,1
ギザギザ,1
スプーン,1
爆死,1
中小,1
極論,1
元年,1
生粋,1
関心,1
ラムネ,1
精一杯,1
戦場,1
別人,1
匍匐,1
前進,1
艶,1
お供,1
幾つ,1
参拝,1
山谷,1
ペア,1
性教育,1
帰り,1
不調,1
不穏,1
剛,1
話し相手,1
親切,1
がい,1
状,1
野放し,1
督促,1
闘技,1
ひと足,1
統制,1
ワゴン,1
売れ,1
名曲,1
収録,1
年金,1
叔父,1
甥,1
ランプ,1
財団,1
朦朧,1
無傷,1
つる,1
楽曲,1
酷似,1
くみ,1
雑踏,1
混雑,1
石油,1
スペシャリスト,1
ベイ,1
一刻,1
エキセントリック,1
杉,1
ウィルス,1
ロス,1
講習,1
は種,1
多人数,1
隠れ蓑,1
災害,1
市政,1
凸,1
太宰,1
治,1
一文,1
鯉,1
握り,1
ふたり,1
対人,1
折り紙,1
手裏剣,1
折,1
泣き声,1
まろ,1
新た,1
文脈,1
現実味,1
好感,1
収束,1
グレープフルーツ,1
大正,1
裸眼,1
起工,1
ブト,1
抗争,1
引き渡し,1
難航,1
運送,1
地領,1
海軍,1
測量,1
艦,1
量産,1
ゴールデン,1
そり,1
言いよう,1
，,1
定義,1
撤回,1
陣形,1
伏兵,1
横目,1
喧嘩腰,1
末端,1
権力,1
鱗,1
のび太,1
翼,1
国際,1
不快,1
脊髄,1
時効,1
今時,1
設計,1
無茶,1
入籍,1
タイマー,1
要望,1
粥,1
シャワー,1
以後,1
今更,1
積み立て,1
素性,1
美容,1
週刊文春,1
指向,1
油分,1
摂理,1
先天的,1
後天的,1
保証,1
好き嫌い,1
ブラシ,1
ハシ,1
重曹,1
引越し,1
火炎,1
包囲,1
ガイドライン,1
マルイ,1
ビル,1
老朽,1
相当,1
無関係,1
超党派,1
総体,1
育休,1
芸人,1
野球,1
いってん,1
芽,1
党内,1
園児,1
区,1
変容,1
注釈,1
ナビスコ,1
ヤマザキ,1
提携,1
工場,1
滔々,1
ムダ,1
リーグ,1
日時,1
態勢,1
サル,1
風景,1
隙,1
ＮＨＫ,1
牧場,1
続編,1
貧困,1
音沙汰,1
悪政,1
梅田,1
寄与,1
杖,1
生産,1
開発元,1
傑作,1
菅野,1
美穂,1
指揮,1
桃太郎,1
おばあさん,1
鬼ヶ島,1
話し合い,1
ハードル,1
民間,1
大吉,1
リフレイン,1
どころ,1
憎しみ,1
オビ,1
命日,1
弘,1
麦,1
焼き立て,1
石神,1
物販,1
すすめ,1
怒号,1
インパクト,1
延命,1
順序,1
モザイク,1
アタマ,1
貴様,1
自我,1
幼体,1
試食,1
勝ち負け,1
細切れ,1
インコース,1
低め,1
デッキ,1
朱鷺,1
帰国,1
確信,1
慰安,1
婦,1
証人,1
非,1
朝日新聞,1
画材,1
皆んな,1
ガム,1
消去,1
短髪,1
罪人,1
座,1
小惑星,1
無自覚,1
ゲームセンター,1
作り,1
不憫,1
実験,1
リサーチ,1
本社,1
署名,1
数字,1
不当,1
流,1
訂正,1
小保,1
細胞,1
特許,1
一点張り,1
食パン,1
はしご,1
投げ銭,1
当て,1
事なき,1
大卒,1
手取り,1
参画,1
アシ,1
丁,1
センバツ,1
土佐,1
死球,1
朝廷,1
高野連,1
自慢,1
下手くそ,1
構成,1
大金,1
外道,1
紙質,1
折り目,1
内外,1
四散,1
当人,1
投資,1
重度,1
消失,1
石,1
ヒロイン,1
別れ,1
ぶっこ,1
境遇,1
基,1
タカ,1
故郷,1
勤怠,1
番外,1
マネージャー,1
アリナミン,1
従順,1
積み,1
射撃,1
射手,1
惨め,1
格納,1
歩兵,1
小隊,1
戦死,1
なんど,1
子女,1
新聞紙,1
人材,1
県民,1
ちょうだい,1
上京,1
龍之介,1
ヒマ,1
ダーク,1
力士,1
用品,1
小遣い,1
ジョーカー,1
砂,1
同じ,1
古畑,1
有無,1
クラシック,1
補充,1
水産庁,1
境内,1
最適,1
悪手,1
不可欠,1
坊主,1
表情,1
燃料,1
飲酒,1
親しみ,1
所長,1
モス,1
融,1
ファッション,1
カタログ,1
前列,1
速達,1
ブランデー,1
おっちゃん,1
押し込み,1
直樹,1
裁縫,1
ガード,1
装飾,1
音楽家,1
日程,1
主催,1
人柄,1
公立,1
懐古,1
調味,1
ケチャップ,1
寝不足,1
補正,1
無給,1
拡充,1
イノシシ,1
軽蔑,1
剣幕,1
作画,1
行い,1
アホ,1
スウェーデン,1
ニュージーランド,1
垂れ,1
中立,1
便所,1
公共,1
還元,1
腐敗,1
かも,1
程,1
ダウン,1
ごめん,1
ラブホテル,1
フロント,1
指標,1
任務,1
遂行,1
粛々,1
圧倒,1
炭水化物,1
お好み焼き,1
加熱,1
犯,1
つわり,1
ハンド,1
ドリップ,1
住,1
宮崎,1
インスタント,1
神木,1
ログアウト,1
七井,1
コム,1
斎,1
サン,1
エボシ,1
親子,1
先程,1
陰謀,1
親父,1
自衛隊,1
知性,1
誉,1
合図,1
呼び鈴,1
乱舞,1
拝啓,1
林,1
検事,1
総長,1
殿,1
晋,1
秀明,1
重石,1
言,1
黒川,1
寵愛,1
煮え湯,1
検察,1
独り歩き,1
ホテル,1
コスト,1
誠,1
新海,1
新井,1
稼ぎ,1
前例,1
大喜,1
利,1
声援,1
テレビ局,1
来訪,1
急逝,1
脳腫瘍,1
ルビー,1
サファイア,1
鉱物,1
青,1
つがい,1
情報処理,1
昇格,1
弱音,1
仇,1
理工学部,1
厚生,1
欲望,1
分け,1
オペラグラス,1
下水道,1
モチ,1
死人,1
偽,1
那覇空港,1
先祖返り,1
おかあさんといっしょ,1
シャイ,1
スピッツ,1
見積り,1
養,1
集落,1
境地,1
出会い頭,1
軍団,1
羅,1
朴,1
晟,1
開場,1
合戦,1
紫蘇,1
ドクダミ,1
スズラン,1
設営,1
ボックス,1
後押し,1
気力,1
アマゾン,1
棚,1
作戦,1
ビスケット,1
わや,1
バンジージャンプ,1
タイヤ,1
痕,1
宝物,1
太陽,1
エース,1
相棒,1
証明,1
講釈,1
寝起き,1
若人,1
いじめ,1
やんちゃ,1
改心,1
勘弁,1
ボーナス,1
しょ,1
しょしょ,1
接着,1
エントリー,1
擬態,1
呼,1
びな,1
清聴,1
古墳,1
ピンセット,1
鋼,1
永劫,1
創世,1
黄金,1
ニッパー,1
長兄,1
ドラゴン,1
次兄,1
精,1
併存,1
工具,1
ロシア,1
ヒーロー,1
別売り,1
自治医科大学,1
バイオ,1
ハザード,1
銃弾,1
絶体絶命,1
コントローラ,1
ナイフ,1
没収,1
傭兵,1
フライデー,1
宮本,1
浩次,1
スクープ,1
美女,1
同棲,1
有益,1
ヤジ,1
島流し,1
ダダ,1
留学生,1
改め,1
自治医大,1
退学,1
三田,1
本店,1
弟子,1
東,1
努,1
俊,1
シャネル,1
飲み食い,1
文豪,1
食糧,1
駐車,1
食堂,1
侵蝕,1
潜,1
絶筆,1
補修,1
編成,1
ルート,1
分岐,1
装,1
周期,1
ステータス,1
栞,1
告知,1
恩恵,1
格差,1
実施,1
歪み,1
宮部,1
みゆき,1
尚,1
令,1
カー,1
離婚,1
夏彦,1
オークション,1
水増し,1
ハッピー,1
共感,1
エージェント,1
経歴,1
奇遇,1
進路,1
副詞,1
修飾,1
くり,1
金持,1
老女,1
昨今,1
情勢,1
下記,1
ジム,1
嫁さん,1
測定,1
准,1
女優,1
格闘技,1
ゴリラ,1
熊,1
日没,1
区間,1
京極,1
町田,1
仁,1
海鮮,1
オービス,1
スティック,1
書き初め,1
開放,1
出所,1
嬉々,1
一連,1
当該,1
コタツ,1
咎め,1
店頭,1
県内,1
不在,1
都立,1
南大沢,1
キャンパス,1
一大,1
アルバイト,1
食料,1
防護,1
逼迫,1
通し,1
通告,1
敏,1
黄,1
丼,1
形成,1
尚子,1
人脈,1
有,1
市川,1
友章,1
めん,1
夢枕,1
獏,1
辻川,1
奈美,1
げん,1
行人,1
牧野,1
千穂,1
恩田,1
樋口,1
等々,1
捕捉,1
パスワード,1
ラストスパート,1
根性,1
適正,1
八方,1
返却,1
おしり,1
廃,1
コミュニケーション,1
全般,1
言動,1
憲史,1
編曲,1
的確,1
結合,1
臓器,1
産後,1
間抜け,1
貴重,1
休息,1
秘書,1
悲観,1
置き去り,1
余計,1
劣化,1
資金,1
弊,1
連,1
昇華,1
従来,1
ブラジル,1
お礼,1
藁,1
人形,1
南アフリカ,1
客席,1
道端,1
急病,1
スポーツカー,1
和歌山,1
快適,1
中枢,1
一滴,1
初耳,1
稲川,1
淳二,1
霊,1
首根っこ,1
再燃,1
死に際,1
横浜スタジアム,1
横浜ベイスターズ,1
りす,1
ふう,1
始球,1
とり,1
日向,1
坂,1
情熱,1
消耗,1
配分,1
地下鉄,1
塩酸,1
結構,1
卵子,1
精子,1
気化,1
液体,1
繁盛,1
リフレッシュ,1
敬愛,1
多発,1
ご存じ,1
不和,1
雑魚,1
愛好,1
真剣,1
打算,1
カセットテープ,1
写,1
思いつき,1
交錯,1
寝室,1
愛別離苦,1
本体,1
緩み,1
人混み,1
ベンツ,1
あそこ,1
シェルター,1
着用,1
菌,1
美学,1
嫌気,1
分子,1
応用,1
教え,1
上映,1
面積,1
ヨコハマ,1
母方,1
シブヤ,1
推理,1
夜間,1
暴露,1
除外,1
タピオカ,1
箱庭,1
ジフテリア,1
丸腰,1
熱帯,1
マラリア,1
亀甲,1
貞宗,1
ナゴヤ,1
たか,1
デザイナー,1
我欲,1
壺,1
陶芸,1
圏,1
達成,1
生まれたて,1
冷蔵,1
操縦,1
熟語,1
隣席,1
心頭,1
無口,1
貿易,1
私事,1
肝臓,1
リンパ,1
瀬名,1
鎮痛,1
泉,1
通院,1
地元民,1
撃沈,1
条項,1
公営,1
物狂い,1
比重,1
キーボード,1
露骨,1
機嫌,1
私生活,1
館,1
戦没,1
片隅,1
質量,1
絨毯,1
吹き替え,1
神戸,1
容認,1
前置き,1
なぞなぞ,1
厨,1
門,1
けい,1
生前,1
誇り,1
引き換え,1
留学,1
遊牧民,1
麦畑,1
農耕,1
バイアス,1
任侠,1
消息,1
格闘,1
バレーボール,1
必殺,1
初夏,1
散見,1
釘宮,1
理恵,1
ミニ,1
サロン,1
ナプキン,1
だこ,1
血相,1
格子,1
出没,1
毎朝,1
不健康,1
大学院,1
特効薬,1
育成,1
強盗,1
居場所,1
疎か,1
ごらん,1
献血,1
不備,1
帰省,1
味覚,1
河合塾,1
秋田,1
きん,1
悪徳,1
コント,1
蚊,1
スプレー,1
飼育,1
おんな,1
バー,1
オプション,1
うぐいす,1
じょじ,1
見え,1
ネットワーク,1
利便,1
スイカ,1
企図,1
除法,1
病態,1
乗法,1
霊柩車,1
真っ白,1
窓際,1
ブライアン,1
固有,1
走り,1
中曽根,1
日航,1
再建,1
ガイダンス,1
テロリスト,1
そのもの,1
出,1
仕打ち,1
急増,1
是,1
沙汰,1
対面,1
机,1
年収,1
端,1
宛,1
大使館,1
うな重,1
整数,1
請い,1
パーセント,1
ハチ,1
蓮,1
合否,1
新興,1
後ろ髪,1
信者,1
和服,1
共鳴,1
幻聴,1
福山,1
哲郎,1
勧誘,1
炊飯,1
仕分け,1
恫喝,1
直径,1
本部,1
追及,1
ハリー,1
帰属,1
改悪,1
スキップ,1
結束,1
槍,1
待,1
提唱,1
早稲田,1
テーマパーク,1
スプリング,1
シャフト,1
悲劇,1
歯科,1
最先端,1
好物,1
無二,1
欲情,1
悦び,1
転覆,1
兵庫,1
水難,1
手軽,1
ボート,1
メディアミックス,1
継続,1
救命,1
コツ,1
試し,1
問い,1
相性,1
占い,1
豆,1
掲示,1
ひとりっ子,1
願望,1
スキンシップ,1
ボタン,1
隅,1
落とし物,1
不毛,1
東工大,1
ユーザ,1
チコ,1
全額,1
買い出し,1
食材,1
プレミアム,1
どっこいどっこい,1
漆黒,1
かん,1
報,1
御用達,1
夏休,1
水戸,1
通り魔,1
由,1
征,1
彷徨,1
バレル,1
姫路城,1
おしゃれ,1
逆手,1
安物,1
パッケージ,1
配役,1
抑止,1
真犯人,1
典型,1
ラリー,1
ペース,1
擬態語,1
味わい,1
学費,1
賠償,1
詰み,1
憑き物,1
地位,1
作中,1
意地っ張り,1
川崎医科大,1
締め,1
嫌がらせ,1
装着,1
アナリスト,1
大声,1
アンバランス,1
山梨大学,1
静岡大学,1
笹塚,1
新潟大学,1
火災,1
原付,1
ボウル,1
長音符,1
しの,1
あんさん,1
雲泥の差,1
佐川,1
ヤマト,1
シリアル,1
対抗,1
大さじ,1
むね,1
思い入れ,1
禅,1
鶏,1
神家,1
一族,1
旧家,1
定時,1
仕様,1
紳士,1
パーティ,1
リーク,1
母乳,1
感電,1
実力,1
命がけ,1
当初,1
生後,1
出張,1
期日,1
手伝い,1
本件,1
無駄飯,1
女神,1
小さじ,1
同居,1
眠り,1
三日月,1
金字塔,1
全長,1
大の字,1
リード,1
参考,1
迫力,1
批評,1
お家,1
パンフ,1
お忙しい,1
ウスターソース,1
乳,1
視診,1
非常識,1
居間,1
爆音,1
国語,1
リーディング,1
リスニング,1
誰々,1
大々的,1
長女,1
内々,1
シルバー,1
温厚,1
あらわ,1
コーラ,1
勝,1
平和,1
林家,1
扇,1
破産,1
申立,1
崖,1
当地,1
口座,1
気楽,1
園芸,1
害,1
地上波,1
デトロイト,1
市警,1
頻度,1
屋内,1
火力,1
倉持,1
裏側,1
志村,1
進出,1
端末,1
外注,1
コカコーラ,1
ヤマト運輸,1
松,1
納期,1
リベラシオン,1
同志,1
輩,1
アンニュイ,1
忠,1
節,1
ナギ,1
ビュッフェ,1
親類,1
余興,1
中頃,1
許し,1
絶賛,1
実働,1
へとへと,1
実情,1
外野,1
新居,1
戸建て,1
殺到,1
非公開,1
ネイティブ,1
きゅう,1
退化,1
対称,1
線型,1
ベクトル,1
常習犯,1